,,,,,,,,,,,,,,,,,,,,,,,,,,
Event Planning Spreadsheet for Earth day,,,,,,,,,,,,,,,,,,,,,,,,,,
,,,,,,,,,,,,,,,,,,,,,,,,,,
WHAT,HOW,WHO (Assigned To),How much (cost),WHEN (Due Date),WHERE,Status,WHY,Notes,,,,,,,,,,,,,,,,,,
2 Weeks Prior to Event,,,,,,,,,,,,,,,,,,,,,,,,,,
,Announce your event app,,,,,,,,,,,,,,,,,,,,,,,,,
,Spark conversation,,,,,,,,,,,,,,,,,,,,,,,,,
,- Speakers' article sharing,,,,,,,,,,,,,,,,,,,,,,,,,
,- Ridesharing / room sharing,,,,,,,,,,,,,,,,,,,,,,,,,
,- Warm up a public bulletin board in your event app,,,,,,,,,,,,,,,,,,,,,,,,,
,Promote social activities,,,,,,,,,,,,,,,,,,,,,,,,,
,"- Encourage attendees to plan social gatherings, activities ",,,,,,,,,,,,,,,,,,,,,,,,,
,- Initiate conversation (e.g. favoriate local restuarants),,,,,,,,,,,,,,,,,,,,,,,,,
,- Share pictures on social media / event app,,,,,,,,,,,,,,,,,,,,,,,,,
2 Days Prior to Event,,,,,,,,,,,,,,,,,,,,,,,,,,
,"Schedule greeting message (email, push-notification)",,,,,,,,,,,,,,,,,,,,,,,,,
,"Setup interactive games & activities (photo contest, icebreaking games)",,,,,,,,,,,,,,,,,,,,,,,,,
,,,,,,,,,,,,,,,,,,,,,,,,,,
Day of Event,,,,,,,,,,,,,,,,,,,,,,,,,,
,Set up social wall (live feeds from your event app),,,,,,,,,,,,,,,,,,,,,,,,,
,Initiate live polls (download 50 sample live poll questions),,,,,,,,,,,,,,,,,,,,,,,,,
,Collect mobile surveys (download 35 survey questions),,,,,,,,,,,,,,,,,,,,,,,,,
,,,,,,,,,,,,,,,,,,,,,,,,,,
After Event,,,,,,,,,,,,,,,,,,,,,,,,,,
,Schedule a post-event reporting meeting,,,,,,,,,,,,,,,,,,,,,,,,,