,,,,,,,,,,,,,,,,,,,,,,,,,,
Event Planning Spreadsheet for Earth day ,,,,,,,,,,,,,,,,,,,,,,,,,,
,,,,,,,,,,,,,,,,,,,,,,,,,,
WHAT,HOW,WHO (Assigned To),How much (cost),WHEN (Due Date),WHERE,Status,WHY,Notes,,,,,,,,,,,,,,,,,,
Making your event WebApp (site) essential  ,,,,,,,,,,,,,,,,,,,,,,,,,,
,Have full agenda only in the app and event websites,,,,,,,,,,,,,,,,,,,,,,,,,
,Share presentation slides / handout on the app,,,,,,,,,,,,,,,,,,,,,,,,,
,"Enable an easy game (e.g. photo contest, student projects showcase )",,,,,,,,,,,,,,,,,,,,,,,,,
,"Announce winners (people's choice award, raffles, votes, etc) through the app",,,,,,,,,,,,,,,,,,,,,,,,,
,Enable QR scanning for sponsors / exhibitors,,,,,,,,,,,,,,,,,,,,,,,,,
,"Prepare for how-to guide, introductory slides, videos, etc",,,,,,,,,,,,,,,,,,,,,,,,,
,Let attendees know how to set a personal agenda,,,,,,,,,,,,,,,,,,,,,,,,,
,,,,,,,,,,,,,,,,,,,,,,,,,,
Use an event WebApp (site) as a primary communication channel,,,,,,,,,,,,,,,,,,,,,,,,,,
,Use push notifications for instant updates,,,,,,,,,,,,,,,,,,,,,,,,,
,Warm up the event community board (or similar features if exist),,,,,,,,,,,,,,,,,,,,,,,,,
,"Let attendees know about networking features: a group chat, in-app messaging, meeting scheduler, etc",,,,,,,,,,,,,,,,,,,,,,,,,
,Schedule an e-gift or a greeting message,,,,,,,,,,,,,,,,,,,,,,,,,
,Utilize the app to receive music requests for a reception,,,,,,,,,,,,,,,,,,,,,,,,,
,"Promote your event activities (e.g sports game, city tour)",,,,,,,,,,,,,,,,,,,,,,,,,
,Enable attendees to self organize meet-ups and activities through an app ,,,,,,,,,,,,,,,,,,,,,,,,,
,,,,,,,,,,,,,,,,,,,,,,,,,,
Drive participation through the WebApp (site),,,,,,,,,,,,,,,,,,,,,,,,,,
,"Set up live polling (possibly by speakers), collect opinion on the next event's location",,,,,,,,,,,,,,,,,,,,,,,,,
,Use the app for QAs during sessions,,,,,,,,,,,,,,,,,,,,,,,,,
,Encourage attendees to share photos; have them auto-displayed on social wall,,,,,,,,,,,,,,,,,,,,,,,,,
Release the WebApp (site) early,,,,,,,,,,,,,,,,,,,,,,,,,,
,"At least 2 weeks prior to your event, put the download link in the event website / emails",,,,,,,,,,,,,,,,,,,,,,,,,
,Announce the app in the opening remarks,,,,,,,,,,,,,,,,,,,,,,,,,