,,,,,,,,,,,,,,,,,,,,,,,,,,
Event Planning Spreadsheet for Earth day,,,,,,,,,,,,,,,,,,,,,,,,,,
,,,,,,,,,,,,,,,,,,,,,,,,,,
WHAT,HOW,WHO (Assigned To),How much (cost),WHEN (Due Date),WHERE,Status,WHY,Notes,,,,,,,,,,,,,,,,,,
Leverage pre-event questionnaires to market your event,,,,,,,,,,,,,,,,,,,,,,,,,,
,"Include these questions in your pre-event survey: ""Would you like to invite your colleagues?"";  ""How did you discover our event?""",,,,,,,,,,,,,,,,,,,,,,,,,
,Make good use of the collected information,,,,,,,,,,,,,,,,,,,,,,,,,
Run live polls ,,,,,,,,,,,,,,,,,,,,,,,,,,
,Download the 50 live poll questions and make good use of them ,,,,,,,,,,,,,,,,,,,,,,,,,
,,,,,,,,,,,,,,,,,,,,,,,,,,
Directly interact with your attendees,,,,,,,,,,,,,,,,,,,,,,,,,,
,Leverage your event app's public bulletin board. ,,,,,,,,,,,,,,,,,,,,,,,,,
,"Have a topic like ""ask organizers anything"" or ""what you expect to learn from this conference""",,,,,,,,,,,,,,,,,,,,,,,,,
,,,,,,,,,,,,,,,,,,,,,,,,,,
Appeal to emotion at the top of your feedback forms,,,,,,,,,,,,,,,,,,,,,,,,,,
,"Encourage participation and remind them of their survey's impact (e.g. ""We won't improve without your help"")",,,,,,,,,,,,,,,,,,,,,,,,,
,(Find more exapmles from the article),,,,,,,,,,,,,,,,,,,,,,,,,
,,,,,,,,,,,,,,,,,,,,,,,,,,
Use multiple ways to remind them at a right time,,,,,,,,,,,,,,,,,,,,,,,,,,
,"Remind them with emails, push-notifications, social wall, opening remarks, community board, social media, flyer, etc.",,,,,,,,,,,,,,,,,,,,,,,,,
,,,,,,,,,,,,,,,,,,,,,,,,,,
Share event feedback beyond your team,,,,,,,,,,,,,,,,,,,,,,,,,,
,,,,,,,,,,,,,,,,,,,,,,,,,,
Let WCAEC help you ,"To learn more about the WCAEC event app, registration, and management tools, contact us at https://wcaec.net",,,,,,,,,,,,,,,,,,,,,,,,,