Event Planning Spreadsheet for Earth day,,,,,,,,,,,,,,,,,,,,,,,,,,,,,,,,,
"SWOT Analysis  What: Earth Day Event Where: Watts Neighborhood, California, US When: April 20th, 2019 Who: Watts Community/Neighborhood Why: ??? How: How much: 20k",,,,,,,,,,,,,,,,,,,,,,,,,,,,,,,,,
,,,,,,,,,,,,,,,,,,,,,,,,,,,,,,,,,
,,,,,,,,,,,,,,,,,,,,,,,,,,,,,,,,,
WHAT,HOW,WHO (Assigned To),How much (cost),WHEN (Due Date),WHERE,Status,WHY,Notes,,,,,,,,,,,,,,,,,,,,,,,,,
FOOD,,,,,,,,,,,,,,,,,,,,,,,,,,,,,,,,,
,Catering plan,,,,,,,,,,,,,,,,,,,,,,,,,,,,,,,,
,Allergies/food preferences,,,,,,,,,,,,,,,,,,,,,,,,,,,,,,,,
,Alcohol licensing,,,,,,,,,,,,,,,,,,,,,,,,,,,,,,,,
,Food for volunteers,,,,,,,,,,,,,,,,,,,,,,,,,,,,,,,,
,,,,,,,,,,,,,,,,,,,,,,,,,,,,,,,,,
LOGISTICS,,,,,,,,,,,,,,,,,,,,,,,,,,,,,,,,,
,Venue rental,,,,,,,,,,,,,,,,,,,,,,,,,,,,,,,,
,"Equipment rental (dollies, hand trucks, etc)",,,,,,,,,,,,,,,,,,,,,,,,,,,,,,,,
,"Agenda management plan (where to update, how to update all efficiently)",,,,,,,,,,,,,,,,,,,,,,,,,,,,,,,,
,- Event website,,,,,,,,,,,,,,,,,,,,,,,,,,,,,,,,
,- Registration webpage,,,,,,,,,,,,,,,,,,,,,,,,,,,,,,,,
,- Event app,,,,,,,,,,,,,,,,,,,,,,,,,,,,,,,,
,- Event directories listing yours,,,,,,,,,,,,,,,,,,,,,,,,,,,,,,,,
,- Paper brochure,,,,,,,,,,,,,,,,,,,,,,,,,,,,,,,,
,- Email campaigns,,,,,,,,,,,,,,,,,,,,,,,,,,,,,,,,
,"Venue capacity check, session enrollement plan if needed",,,,,,,,,,,,,,,,,,,,,,,,,,,,,,,,
,Music permits,,,,,,,,,,,,,,,,,,,,,,,,,,,,,,,,
,Liability,,,,,,,,,,,,,,,,,,,,,,,,,,,,,,,,
,Name badges,,,,,,,,,,,,,,,,,,,,,,,,,,,,,,,,
,"- Bdages with QR, attendee categories, etc",,,,,,,,,,,,,,,,,,,,,,,,,,,,,,,,
,- On-site badge priting equipment,,,,,,,,,,,,,,,,,,,,,,,,,,,,,,,,
,Day-of breakdown,,,,,,,,,,,,,,,,,,,,,,,,,,,,,,,,
,Printed master sheet,,,,,,,,,,,,,,,,,,,,,,,,,,,,,,,,
,Emergency kit,,,,,,,,,,,,,,,,,,,,,,,,,,,,,,,,
,,,,,,,,,,,,,,,,,,,,,,,,,,,,,,,,,
COMMUNICATION,,,,,,,,,,,,,,,,,,,,,,,,,,,,,,,,,
,Research & book speakers,,,,,,,,,,,,,,,,,,,,,,,,,,,,,,,,
,Communication with speakers ,,,,,,,,,,,,,,,,,,,,,,,,,,,,,,,,
,"- Collecting bios, session info, slides",,,,,,,,,,,,,,,,,,,,,,,,,,,,,,,,
,- Keep everyplace up-to-date,,,,,,,,,,,,,,,,,,,,,,,,,,,,,,,,
,Communication with attendees ,,,,,,,,,,,,,,,,,,,,,,,,,,,,,,,,
,"- Set up an event app, social media groups",,,,,,,,,,,,,,,,,,,,,,,,,,,,,,,,
,- Initiate discussions and conversations by creating topics,,,,,,,,,,,,,,,,,,,,,,,,,,,,,,,,
,- Social wall ,,,,,,,,,,,,,,,,,,,,,,,,,,,,,,,,
,- Activity stream in your event website,,,,,,,,,,,,,,,,,,,,,,,,,,,,,,,,
,- Social media campaigns,,,,,,,,,,,,,,,,,,,,,,,,,,,,,,,,
,"- Easy game, friendly contest (e.g. photo contest)",,,,,,,,,,,,,,,,,,,,,,,,,,,,,,,,
,- Speakers' article sharing,,,,,,,,,,,,,,,,,,,,,,,,,,,,,,,,
,"- Ridesharing, roomsharing (e.g. on your event app) ",,,,,,,,,,,,,,,,,,,,,,,,,,,,,,,,
,"- Send important reminders / announcement (e.g. email, event app)",,,,,,,,,,,,,,,,,,,,,,,,,,,,,,,,
,"Communication with sponsors, exhibitors ",,,,,,,,,,,,,,,,,,,,,,,,,,,,,,,,
,"- Set up lead generation tools (QR scanner, event app, etc)",,,,,,,,,,,,,,,,,,,,,,,,,,,,,,,,
,- Sponsorship proposal and execution,,,,,,,,,,,,,,,,,,,,,,,,,,,,,,,,
,"- Booth, equipment preparation",,,,,,,,,,,,,,,,,,,,,,,,,,,,,,,,
,"- Guidelines, reminders",,,,,,,,,,,,,,,,,,,,,,,,,,,,,,,,
,Communication with volunteers ,,,,,,,,,,,,,,,,,,,,,,,,,,,,,,,,
,"- Task descriptions, guidelines ",,,,,,,,,,,,,,,,,,,,,,,,,,,,,,,,
,Internal communication,,,,,,,,,,,,,,,,,,,,,,,,,,,,,,,,
,"- Central method for fast communication (group chat, event app, walkie-talkie, etc)",,,,,,,,,,,,,,,,,,,,,,,,,,,,,,,,
DIGITAL CONNECTIONS,,,,,,,,,,,,,,,,,,,,,,,,,,,,,,,,,
,Wi-Fi Information,,,,,,,,,,,,,,,,,,,,,,,,,,,,,,,,
,Charging stations,,,,,,,,,,,,,,,,,,,,,,,,,,,,,,,,
,"Event hashtag, social media, event app announcement",,,,,,,,,,,,,,,,,,,,,,,,,,,,,,,,
WRAP-UP,,,,,,,,,,,,,,,,,,,,,,,,,,,,,,,,,
,Post-Event survey,,,,,,,,,,,,,,,,,,,,,,,,,,,,,,,,
,"De-Brief, measure the success",,,,,,,,,,,,,,,,,,,,,,,,,,,,,,,,
,Share recap with sponsors,,,,,,,,,,,,,,,,,,,,,,,,,,,,,,,,
,,,,,,,,,,,,,,,,,,,,,,,,,,,,,,,,,
,,,,,,,,,,,,,,,,,,,,,,,,,,,,,,,,,
MISCELLANEOUS (Add your own items here),,,,,,,,,,,,,,,,,,,,,,,,,,,,,,,,,